{
    "max_open_trades": 40,
    "stake_currency": "BTC",
    "stake_amount": 0.0007,
    "fiat_display_currency": "USD",
    "dry_run": false,
    "unfilledtimeout": 600,
    "ticker_interval": 1,
    "bid_strategy": {
        "ask_last_balance": 0.0
    },
    "minimal_roi": {
        "0":  0.02,
        "1":  0.01993333334,
        "2":  0.01986666668,
        "3":  0.01980000002,
        "4":  0.01973333336,
        "5":  0.0196666667,
        "6":  0.01960000004,
        "7":  0.01953333338,
        "8":  0.01946666672,
        "9":  0.01940000006,
        "10":  0.0193333334,
        "11":  0.01926666674,
        "12":  0.01920000008,
        "13":  0.01913333342,
        "14":  0.01906666676,
        "15":  0.0190000001,
        "16":  0.01893333344,
        "17":  0.01886666678,
        "18":  0.01880000012,
        "19":  0.01873333346,
        "20":  0.0186666668,
        "21":  0.01860000014,
        "22":  0.01853333348,
        "23":  0.01846666682,
        "24":  0.01840000016,
        "25":  0.0183333335,
        "26":  0.01826666684,
        "27":  0.01820000018,
        "28":  0.01813333352,
        "29":  0.01806666686,
        "30":  0.0180000002,
        "31":  0.01793333354,
        "32":  0.01786666688,
        "33":  0.01780000022,
        "34":  0.01773333356,
        "35":  0.0176666669,
        "36":  0.01760000024,
        "37":  0.01753333358,
        "38":  0.01746666692,
        "39":  0.01740000026,
        "40":  0.0173333336,
        "41":  0.01726666694,
        "42":  0.01720000028,
        "43":  0.01713333362,
        "44":  0.01706666696,
        "45":  0.0170000003,
        "46":  0.01693333364,
        "47":  0.01686666698,
        "48":  0.01680000032,
        "49":  0.01673333366,
        "50":  0.016666667,
        "51":  0.01660000034,
        "52":  0.01653333368,
        "53":  0.01646666702,
        "54":  0.01640000036,
        "55":  0.0163333337,
        "56":  0.01626666704,
        "57":  0.01620000038,
        "58":  0.01613333372,
        "59":  0.01606666706,
        "60":  0.0160000004,
        "61":  0.01593333374,
        "62":  0.01586666708,
        "63":  0.01580000042,
        "64":  0.01573333376,
        "65":  0.0156666671,
        "66":  0.01560000044,
        "67":  0.01553333378,
        "68":  0.01546666712,
        "69":  0.01540000046,
        "70":  0.0153333338,
        "71":  0.01526666714,
        "72":  0.01520000048,
        "73":  0.01513333382,
        "74":  0.01506666716,
        "75":  0.0150000005,
        "76":  0.01493333384,
        "77":  0.01486666718,
        "78":  0.01480000052,
        "79":  0.01473333386,
        "80":  0.0146666672,
        "81":  0.01460000054,
        "82":  0.01453333388,
        "83":  0.01446666722,
        "84":  0.01440000056,
        "85":  0.0143333339,
        "86":  0.01426666724,
        "87":  0.01420000058,
        "88":  0.01413333392,
        "89":  0.01406666726,
        "90":  0.0140000006,
        "91":  0.01393333394,
        "92":  0.01386666728,
        "93":  0.01380000062,
        "94":  0.01373333396,
        "95":  0.0136666673,
        "96":  0.01360000064,
        "97":  0.01353333398,
        "98":  0.01346666732,
        "99":  0.01340000066,
        "100":  0.013333334,
        "101":  0.01326666734,
        "102":  0.01320000068,
        "103":  0.01313333402,
        "104":  0.01306666736,
        "105":  0.0130000007,
        "106":  0.01293333404,
        "107":  0.01286666738,
        "108":  0.01280000072,
        "109":  0.01273333406,
        "110":  0.0126666674,
        "111":  0.01260000074,
        "112":  0.01253333408,
        "113":  0.01246666742,
        "114":  0.01240000076,
        "115":  0.0123333341,
        "116":  0.01226666744,
        "117":  0.01220000078,
        "118":  0.01213333412,
        "119":  0.01206666746,
        "120":  0.0120000008,
        "121":  0.01193333414,
        "122":  0.01186666748,
        "123":  0.01180000082,
        "124":  0.01173333416,
        "125":  0.0116666675,
        "126":  0.01160000084,
        "127":  0.01153333418,
        "128":  0.01146666752,
        "129":  0.01140000086,
        "130":  0.0113333342,
        "131":  0.01126666754,
        "132":  0.01120000088,
        "133":  0.01113333422,
        "134":  0.01106666756,
        "135":  0.0110000009,
        "136":  0.01093333424,
        "137":  0.01086666758,
        "138":  0.01080000092,
        "139":  0.01073333426,
        "140":  0.0106666676,
        "141":  0.01060000094,
        "142":  0.01053333428,
        "143":  0.01046666762,
        "144":  0.01040000096,
        "145":  0.0103333343,
        "146":  0.01026666764,
        "147":  0.01020000098,
        "148":  0.01013333432,
        "149":  0.01006666766,
        "150":  0.010000001,
        "151":  0.00993333434,
        "152":  0.00986666768,
        "153":  0.00980000102,
        "154":  0.00973333436,
        "155":  0.0096666677,
        "156":  0.00960000104,
        "157":  0.00953333438,
        "158":  0.00946666772,
        "159":  0.00940000106,
        "160":  0.0093333344,
        "161":  0.00926666774,
        "162":  0.00920000108,
        "163":  0.00913333442,
        "164":  0.00906666776,
        "165":  0.0090000011,
        "166":  0.00893333444,
        "167":  0.00886666778,
        "168":  0.00880000112,
        "169":  0.00873333446,
        "170":  0.0086666678,
        "171":  0.00860000114,
        "172":  0.00853333448,
        "173":  0.00846666782,
        "174":  0.00840000116,
        "175":  0.0083333345,
        "176":  0.00826666784,
        "177":  0.00820000118,
        "178":  0.00813333452,
        "179":  0.00806666786,
        "180":  0.0080000012,
        "181":  0.00793333454,
        "182":  0.00786666788,
        "183":  0.00780000122,
        "184":  0.00773333456,
        "185":  0.0076666679,
        "186":  0.00760000124,
        "187":  0.00753333458,
        "188":  0.00746666792,
        "189":  0.00740000126,
        "190":  0.0073333346,
        "191":  0.00726666794,
        "192":  0.00720000128,
        "193":  0.00713333462,
        "194":  0.00706666796,
        "195":  0.0070000013,
        "196":  0.00693333464,
        "197":  0.00686666798,
        "198":  0.00680000132,
        "199":  0.00673333466,
        "200":  0.006666668,
        "201":  0.00660000134,
        "202":  0.00653333468,
        "203":  0.00646666802,
        "204":  0.00640000136,
        "205":  0.0063333347,
        "206":  0.00626666804,
        "207":  0.00620000138,
        "208":  0.00613333472,
        "209":  0.00606666806,
        "210":  0.0060000014,
        "211":  0.00593333474,
        "212":  0.00586666808,
        "213":  0.00580000142,
        "214":  0.00573333476,
        "215":  0.0056666681,
        "216":  0.00560000144,
        "217":  0.00553333478,
        "218":  0.00546666812,
        "219":  0.00540000146,
        "220":  0.0053333348,
        "221":  0.00526666814,
        "222":  0.00520000148,
        "223":  0.00513333482,
        "224":  0.00506666816,
        "225":  0.0050000015,
        "226":  0.00493333484,
        "227":  0.00486666818,
        "228":  0.00480000152,
        "229":  0.00473333486,
        "230":  0.0046666682,
        "231":  0.00460000154,
        "232":  0.00453333488,
        "233":  0.00446666822,
        "234":  0.00440000156,
        "235":  0.0043333349,
        "236":  0.00426666824,
        "237":  0.00420000158,
        "238":  0.00413333492,
        "239":  0.00406666826,
        "240":  0.0040000016,
        "241":  0.00393333494,
        "242":  0.00386666828,
        "243":  0.00380000162,
        "244":  0.00373333496,
        "245":  0.0036666683,
        "246":  0.00360000164,
        "247":  0.00353333498,
        "248":  0.00346666832,
        "249":  0.00340000166,
        "250":  0.003333335,
        "251":  0.00326666834,
        "252":  0.00320000168,
        "253":  0.00313333502,